faces/chris/frame0015.jpg;0
faces/chris/frame0003.jpg;0
faces/chris/frame0010.jpg;0
faces/chris/frame0005.jpg;0
faces/chris/frame0001.jpg;0
faces/chris/frame0009.jpg;0
faces/chris/frame0012.jpg;0
faces/chris/frame0002.jpg;0
faces/chris/frame0000.jpg;0
faces/chris/frame0004.jpg;0
faces/ethan/frame0105.jpg;1
faces/ethan/frame0065.jpg;1
faces/ethan/frame0108.jpg;1
faces/ethan/frame0059.jpg;1
faces/ethan/frame0066.jpg;1
faces/ethan/frame0081.jpg;1
faces/ethan/frame0085.jpg;1
faces/ethan/frame0089.jpg;1
faces/ethan/frame0104.jpg;1
faces/ethan/frame0094.jpg;1
faces/ethan/101.jpg;1
faces/ethan/frame0098.jpg;1
faces/ethan/frame0093.jpg;1
faces/ethan/frame0061.jpg;1
faces/ethan/frame0067.jpg;1
faces/ethan/frame0107.jpg;1
faces/ethan/frame0080.jpg;1
faces/ethan/frame0072.jpg;1
faces/ethan/frame0084.jpg;1
faces/ethan/100.jpg;1
faces/ethan/202.jpg;1
faces/ethan/frame0073.jpg;1
faces/ethan/frame0087.jpg;1
faces/ethan/frame0101.jpg;1
faces/ethan/frame0068.jpg;1
faces/ethan/201.jpg;1
faces/ethan/200.jpg;1
faces/ethan/frame0063.jpg;1
faces/ethan/frame0100.jpg;1
faces/ethan/frame0058.jpg;1
faces/ethan/frame0103.jpg;1
faces/ethan/frame0090.jpg;1
faces/ethan/frame0096.jpg;1
faces/ethan/frame0102.jpg;1
faces/ethan/frame0091.jpg;1
faces/ethan/frame0099.jpg;1
faces/ethan/frame0071.jpg;1
faces/ethan/frame0064.jpg;1
faces/ethan/frame0083.jpg;1
faces/ethan/frame0088.jpg;1
faces/ethan/frame0092.jpg;1
faces/ethan/frame0062.jpg;1
faces/ethan/frame0082.jpg;1
faces/ethan/frame0069.jpg;1
faces/mukund/frame0015.jpg;2
faces/mukund/frame0014.jpg;2
faces/mukund/frame0027.jpg;2
faces/mukund/frame0019.jpg;2
faces/mukund/frame0053.jpg;2
faces/mukund/frame0022.jpg;2
faces/mukund/frame0051.jpg;2
faces/mukund/frame0046.jpg;2
faces/mukund/frame0016.jpg;2
faces/mukund/frame0017.jpg;2
faces/mukund/frame0003.jpg;2
faces/mukund/frame0041.jpg;2
faces/mukund/frame0042.jpg;2
faces/mukund/frame0028.jpg;2
faces/mukund/frame0030.jpg;2
faces/mukund/frame0013.jpg;2
faces/mukund/frame0010.jpg;2
faces/mukund/frame0011.jpg;2
faces/mukund/frame0005.jpg;2
faces/mukund/frame0029.jpg;2
faces/mukund/frame0052.jpg;2
faces/mukund/frame0043.jpg;2
faces/mukund/frame0024.jpg;2
faces/mukund/frame0045.jpg;2
faces/mukund/frame0008.jpg;2
faces/mukund/frame0021.jpg;2
faces/mukund/frame0039.jpg;2
faces/mukund/frame0001.jpg;2
faces/mukund/1.jpg;2
faces/mukund/frame0047.jpg;2
faces/mukund/frame0054.jpg;2
faces/mukund/frame0009.jpg;2
faces/mukund/frame0012.jpg;2
faces/mukund/frame0006.jpg;2
faces/mukund/frame0040.jpg;2
faces/mukund/frame0007.jpg;2
faces/mukund/frame0044.jpg;2
faces/mukund/frame0025.jpg;2
faces/mukund/frame0000.jpg;2
faces/mukund/frame0026.jpg;2
faces/mukund/frame0049.jpg;2
faces/mukund/frame0018.jpg;2
faces/mukund/3.jpg;2
faces/mukund/frame0048.jpg;2
faces/mukund/frame0050.jpg;2
faces/mukund/frame0004.jpg;2
